basic_acc_score,basic_cv_score,basic_classification_time,basic_prediction_time,pca_acc_score,pca_cv_score,pca_classification_time,pca_prediction_time
0.8251106894370651,0.7902187902187903,18.03189778327942,0.09163236618041992,0.34123972169512967,0.35456885456885456,1.8547897338867188,0.14762258529663086
0.8251106894370651,0.8056628056628057,18.03189778327942,0.09163236618041992,0.34123972169512967,0.3680823680823681,1.8547897338867188,0.14762258529663086
0.8251106894370651,0.8254990341274951,18.03189778327942,0.09163236618041992,0.34123972169512967,0.3708950418544752,1.8547897338867188,0.14762258529663086
0.8251106894370651,0.7990985189954926,18.03189778327942,0.09163236618041992,0.34123972169512967,0.32388924661944624,1.8547897338867188,0.14762258529663086
0.8251106894370651,0.819703799098519,18.03189778327942,0.09163236618041992,0.34123972169512967,0.3805537669027688,1.8547897338867188,0.14762258529663086
