basic_acc_score,basic_cv_score,basic_classification_time,basic_prediction_time,pca_acc_score,pca_cv_score,pca_classification_time,pca_prediction_time
0.9133459835547122,0.8944658944658944,15.721765995025635,0.11025071144104004,0.8893105629348513,0.8738738738738738,8.121657371520996,0.0910801887512207
0.9133459835547122,0.8764478764478765,15.721765995025635,0.11025071144104004,0.8893105629348513,0.862934362934363,8.121657371520996,0.0910801887512207
0.9133459835547122,0.9008370895041854,15.721765995025635,0.11025071144104004,0.8893105629348513,0.8473921442369607,8.121657371520996,0.0910801887512207
0.9133459835547122,0.9137153895685769,15.721765995025635,0.11025071144104004,0.8893105629348513,0.8544752092723761,8.121657371520996,0.0910801887512207
0.9133459835547122,0.9401159047005795,15.721765995025635,0.11025071144104004,0.8893105629348513,0.8976175144880876,8.121657371520996,0.0910801887512207
